acacia_button	168,90,50	168,90,50	1.00	1.00
acacia_door	167,95,60	162,91,57	0.72	0.72
acacia_fence	168,90,50	168,90,50	1.00	1.00
acacia_fence_gate	168,90,50	168,90,50	1.00	1.00
acacia_hanging_sign	154,87,62	154,87,62	0.62	0.62
acacia_leaves	52,100,27	52,100,27	0.58	0.58
acacia_log	150,88,55	103,96,86	1.00	1.00
acacia_planks	168,90,50	168,90,50	1.00	1.00
acacia_pressure_plate	168,90,50	168,90,50	1.00	1.00
acacia_sapling	118,117,23	118,117,23	0.43	0.43
acacia_shelf	156,85,53	156,85,53	1.00	1.00
acacia_sign	157,89,54	157,89,54	0.82	0.82
acacia_slab	168,90,50	168,90,50	1.00	1.00
acacia_stairs	168,90,50	168,90,50	1.00	1.00
acacia_trapdoor	156,87,51	156,87,51	0.77	0.77
acacia_wall_hanging_sign	154,87,62	154,87,62	0.62	0.62
acacia_wall_sign	157,89,54	157,89,54	0.82	0.82
acacia_wood	103,96,86	103,96,86	1.00	1.00
activator_rail	115,87,74	115,87,74	0.61	0.61
allium	158,137,183	158,137,183	0.15	0.15
amethyst_block	133,97,191	133,97,191	1.00	1.00
amethyst_cluster	163,126,207	163,126,207	0.55	0.55
ancient_debris	94,66,58	95,63,55	1.00	1.00
andesite	136,136,136	136,136,136	1.00	1.00
andesite_slab	136,136,136	136,136,136	1.00	1.00
andesite_stairs	136,136,136	136,136,136	1.00	1.00
andesite_wall	136,136,136	136,136,136	1.00	1.00
anvil	72,72,72	68,68,68	0.62	1.00
attached_melon_stem	53,104,28	53,104,28	0.14	0.14
attached_pumpkin_stem	154,154,154	154,154,154	0.14	0.14
azalea	101,124,47	93,117,45	1.00	0.60
azalea_leaves	90,114,44	90,114,44	0.77	0.77
azure_bluet	169,204,127	169,204,127	0.17	0.17
bamboo	93,144,19	93,144,19	1.00	1.00
bamboo_block	139,141,62	127,144,57	1.00	1.00
bamboo_button	193,173,80	193,173,80	1.00	1.00
bamboo_door	191,171,81	199,178,84	0.81	1.00
bamboo_fence	206,186,89	206,186,89	0.67	0.67
bamboo_fence_gate	206,185,86	206,185,86	0.75	0.75
bamboo_hanging_sign	179,163,85	179,163,85	0.62	0.62
bamboo_mosaic	190,170,78	190,170,78	1.00	1.00
bamboo_mosaic_slab	190,170,78	190,170,78	1.00	1.00
bamboo_mosaic_stairs	190,170,78	190,170,78	1.00	1.00
bamboo_planks	193,173,80	193,173,80	1.00	1.00
bamboo_pressure_plate	193,173,80	193,173,80	1.00	1.00
bamboo_sapling	92,89,35	92,89,35	0.21	0.21
bamboo_shelf	182,164,75	182,164,75	1.00	1.00
bamboo_sign	208,187,88	208,187,88	0.82	0.82
bamboo_slab	193,173,80	193,173,80	1.00	1.00
bamboo_stairs	193,173,80	193,173,80	1.00	1.00
bamboo_trapdoor	198,179,85	198,179,85	0.83	0.83
bamboo_wall_hanging_sign	179,163,85	179,163,85	0.62	0.62
bamboo_wall_sign	208,187,88	208,187,88	0.82	0.82
barrel	134,100,58	107,81,50	1.00	1.00
basalt	80,81,86	73,72,77	1.00	1.00
beacon	175,213,219	175,213,219	0.25	0.25
bedrock	85,85,85	85,85,85	1.00	1.00
bee_nest	202,160,74	196,150,77	1.00	1.00
beehive	180,146,90	157,126,75	1.00	1.00
beetroots	65,137,41	65,137,41	0.06	0.06
bell	188,148,42	188,148,42	0.25	0.25
big_dripleaf	111,141,51	75,98,44	0.91	0.01
big_dripleaf_stem	91,115,45	91,115,45	0.33	0.33
birch_button	192,175,121	192,175,121	1.00	1.00
birch_door	220,209,176	208,194,144	1.00	1.00
birch_fence	192,175,121	192,175,121	1.00	1.00
birch_fence_gate	192,175,121	192,175,121	1.00	1.00
birch_hanging_sign	175,158,111	175,158,111	0.62	0.62
birch_leaves	65,84,43	65,84,43	0.56	0.56
birch_log	193,179,135	216,215,210	1.00	1.00
birch_planks	192,175,121	192,175,121	1.00	1.00
birch_pressure_plate	192,175,121	192,175,121	1.00	1.00
birch_sapling	127,160,79	127,160,79	0.38	0.38
birch_shelf	175,155,106	175,155,106	1.00	1.00
birch_sign	194,179,132	194,179,132	0.82	0.82
birch_slab	192,175,121	192,175,121	1.00	1.00
birch_stairs	192,175,121	192,175,121	1.00	1.00
birch_trapdoor	207,194,157	207,194,157	1.00	1.00
birch_wall_hanging_sign	175,158,111	175,158,111	0.62	0.62
birch_wall_sign	194,179,132	194,179,132	0.82	0.82
birch_wood	216,215,210	216,215,210	1.00	1.00
black_banner	162,130,78	162,130,78	1.00	1.00
black_bed	33,33,38	162,130,78	1.00	1.00
black_candle	38,36,57	38,36,57	0.08	0.08
black_candle_cake	248,222,214	203,151,121	0.77	0.44
black_carpet	20,21,25	20,21,25	1.00	1.00
black_concrete	8,10,15	8,10,15	1.00	1.00
black_concrete_powder	25,26,31	25,26,31	1.00	1.00
black_glazed_terracotta	67,30,32	67,30,32	1.00	1.00
black_shulker_box	25,25,29	25,25,29	1.00	1.00
black_stained_glass	25,25,25	25,25,25	1.00	1.00
black_stained_glass_pane	25,25,25	25,25,25	1.00	1.00
black_terracotta	37,22,16	37,22,16	1.00	1.00
black_wall_banner	162,130,78	162,130,78	1.00	1.00
black_wool	20,21,25	20,21,25	1.00	1.00
blackstone	42,36,41	42,35,40	1.00	1.00
blackstone_slab	42,36,41	42,35,40	1.00	1.00
blackstone_stairs	42,36,41	42,35,40	1.00	1.00
blackstone_wall	42,35,40	42,35,40	1.00	1.00
blast_furnace	80,80,81	107,107,107	1.00	1.00
blue_banner	162,130,78	162,130,78	1.00	1.00
blue_bed	65,90,185	162,130,78	1.00	1.00
blue_candle	57,76,161	57,76,161	0.08	0.08
blue_candle_cake	248,222,214	203,151,121	0.77	0.44
blue_carpet	53,57,157	53,57,157	1.00	1.00
blue_concrete	44,46,143	44,46,143	1.00	1.00
blue_concrete_powder	70,73,166	70,73,166	1.00	1.00
blue_glazed_terracotta	47,64,139	47,64,139	1.00	1.00
blue_ice	116,167,253	116,167,253	1.00	1.00
blue_orchid	47,162,168	47,162,168	0.17	0.17
blue_shulker_box	43,45,140	43,45,140	1.00	1.00
blue_stained_glass	51,76,178	51,76,178	1.00	1.00
blue_stained_glass_pane	51,76,178	51,76,178	1.00	1.00
blue_terracotta	74,59,91	74,59,91	1.00	1.00
blue_wall_banner	162,130,78	162,130,78	1.00	1.00
blue_wool	53,57,157	53,57,157	1.00	1.00
bone_block	209,206,179	229,225,207	1.00	1.00
bookshelf	162,130,78	117,94,59	1.00	1.00
brain_coral	197,84,152	197,84,152	0.44	0.44
brain_coral_block	207,91,159	207,91,159	1.00	1.00
brain_coral_fan	202,84,153	202,84,153	0.37	0.37
brain_coral_wall_fan	202,84,153	202,84,153	0.37	0.37
brewing_stand	122,100,80	122,100,80	0.51	0.51
brick_slab	150,97,83	150,97,83	1.00	1.00
brick_stairs	150,97,83	150,97,83	1.00	1.00
brick_wall	150,97,83	150,97,83	1.00	1.00
bricks	150,97,83	150,97,83	1.00	1.00
brown_banner	162,130,78	162,130,78	1.00	1.00
brown_bed	138,88,51	162,130,78	1.00	1.00
brown_candle	111,70,41	111,70,41	0.08	0.08
brown_candle_cake	248,222,214	203,151,121	0.77	0.44
brown_carpet	114,71,40	114,71,40	1.00	1.00
brown_concrete	96,59,31	96,59,31	1.00	1.00
brown_concrete_powder	125,84,53	125,84,53	1.00	1.00
brown_glazed_terracotta	119,106,85	119,106,85	1.00	1.00
brown_mushroom	153,116,92	153,116,92	0.13	0.13
brown_mushroom_block	149,111,81	149,111,81	1.00	1.00
brown_shulker_box	106,66,35	106,66,35	1.00	1.00
brown_stained_glass	102,76,51	102,76,51	1.00	1.00
brown_stained_glass_pane	102,76,51	102,76,51	1.00	1.00
brown_terracotta	77,51,35	77,51,35	1.00	1.00
brown_wall_banner	162,130,78	162,130,78	1.00	1.00
brown_wool	114,71,40	114,71,40	1.00	1.00
bubble_column	177,177,177	177,177,177	1.00	1.00
bubble_coral	161,23,159	161,23,159	0.52	0.52
bubble_coral_block	165,26,162	165,26,162	1.00	1.00
bubble_coral_fan	160,32,159	160,32,159	0.44	0.44
bubble_coral_wall_fan	160,32,159	160,32,159	0.44	0.44
budding_amethyst	132,96,186	132,96,186	1.00	1.00
bush	57,88,49	57,88,49	0.50	0.50
cactus	85,127,43	88,130,45	0.77	0.89
cactus_flower	209,120,135	209,120,135	0.36	0.36
cake	248,222,214	203,151,121	0.77	0.44
calcite	223,224,220	223,224,220	1.00	1.00
calibrated_sculk_sensor	27,79,100	10,39,47	1.00	0.50
campfire	79,74,67	79,74,67	0.81	0.81
candle	232,200,153	232,200,153	0.08	0.08
candle_cake	248,222,214	203,151,121	0.77	0.44
carrots	44,110,39	44,110,39	0.07	0.07
cartography_table	103,87,67	67,43,20	1.00	1.00
carved_pumpkin	198,118,24	195,114,24	1.00	1.00
cauldron	73,72,74	74,73,74	0.61	1.00
cave_vines	90,109,40	90,109,40	0.56	0.56
cave_vines_plant	88,101,38	88,101,38	0.56	0.56
chain_command_block	131,161,147	131,161,147	1.00	1.00
cherry_button	226,178,172	226,178,172	1.00	1.00
cherry_door	223,170,164	225,176,169	0.86	0.99
cherry_fence	226,178,172	226,178,172	1.00	1.00
cherry_fence_gate	226,178,172	226,178,172	1.00	1.00
cherry_hanging_sign	189,130,135	189,130,135	0.62	0.62
cherry_leaves	229,172,194	229,172,194	0.84	0.84
cherry_log	185,141,137	54,33,44	1.00	1.00
cherry_planks	226,178,172	226,178,172	1.00	1.00
cherry_pressure_plate	226,178,172	226,178,172	1.00	1.00
cherry_sapling	164,117,143	164,117,143	0.48	0.48
cherry_shelf	202,130,129	202,130,129	1.00	1.00
cherry_sign	203,158,154	203,158,154	0.82	0.82
cherry_slab	226,178,172	226,178,172	1.00	1.00
cherry_stairs	226,178,172	226,178,172	1.00	1.00
cherry_trapdoor	226,178,172	226,178,172	0.86	0.86
cherry_wall_hanging_sign	189,130,135	189,130,135	0.62	0.62
cherry_wall_sign	203,158,154	203,158,154	0.82	0.82
cherry_wood	54,33,44	54,33,44	1.00	1.00
chest	162,130,78	162,130,78	1.00	1.00
chipped_anvil	72,72,72	68,68,68	0.62	1.00
chiseled_bookshelf	178,144,88	175,141,86	1.00	1.00
chiseled_cinnabar	146,55,54	146,55,54	1.00	1.00
chiseled_copper	184,100,73	184,100,73	1.00	1.00
chiseled_deepslate	54,54,54	54,54,54	1.00	1.00
chiseled_nether_bricks	45,22,27	45,22,27	1.00	1.00
chiseled_polished_blackstone	53,48,56	53,48,56	1.00	1.00
chiseled_quartz_block	231,226,217	231,226,218	1.00	1.00
chiseled_red_sandstone	181,97,31	183,96,27	1.00	1.00
chiseled_resin_bricks	200,84,24	200,84,24	1.00	1.00
chiseled_sandstone	223,214,170	216,202,155	1.00	1.00
chiseled_stone_bricks	119,118,119	119,118,119	1.00	1.00
chiseled_sulfur	187,169,91	187,169,91	1.00	1.00
chiseled_tuff	93,98,91	89,94,86	1.00	1.00
chiseled_tuff_bricks	110,113,106	98,103,95	1.00	1.00
chorus_flower	151,120,151	151,120,151	1.00	1.00
chorus_plant	93,57,93	93,57,93	1.00	1.00
cinnabar	151,82,78	151,82,78	1.00	1.00
cinnabar_brick_slab	148,55,53	148,55,53	1.00	1.00
cinnabar_brick_stairs	148,55,53	148,55,53	1.00	1.00
cinnabar_brick_wall	148,55,53	148,55,53	1.00	1.00
cinnabar_bricks	148,55,53	148,55,53	1.00	1.00
cinnabar_slab	151,82,78	151,82,78	1.00	1.00
cinnabar_stairs	151,82,78	151,82,78	1.00	1.00
cinnabar_wall	151,82,78	151,82,78	1.00	1.00
clay	160,166,179	160,166,179	1.00	1.00
closed_eyeblossom	108,98,101	108,98,101	0.20	0.20
coal_block	16,15,15	16,15,15	1.00	1.00
coal_ore	105,105,105	105,105,105	1.00	1.00
coarse_dirt	119,85,59	119,85,59	1.00	1.00
cobbled_deepslate	77,77,80	77,77,80	1.00	1.00
cobbled_deepslate_slab	77,77,80	77,77,80	1.00	1.00
cobbled_deepslate_stairs	77,77,80	77,77,80	1.00	1.00
cobbled_deepslate_wall	77,77,80	77,77,80	1.00	1.00
cobblestone	127,127,127	127,127,127	1.00	1.00
cobblestone_slab	127,127,127	127,127,127	1.00	1.00
cobblestone_stairs	127,127,127	127,127,127	1.00	1.00
cobblestone_wall	127,127,127	127,127,127	1.00	1.00
cobweb	228,233,234	228,233,234	0.41	0.41
cocoa	133,134,62	133,134,62	0.18	0.18
command_block	177,133,107	177,133,107	1.00	1.00
comparator	166,161,159	166,161,159	1.00	1.00
composter	152,98,51	112,70,31	0.44	1.00
conduit	159,139,113	159,139,113	0.56	0.56
copper_bars	155,80,55	155,80,55	0.45	0.45
copper_block	192,107,79	192,107,79	1.00	1.00
copper_bulb	156,86,57	156,86,57	1.00	1.00
copper_chain	151,79,54	151,79,54	0.22	0.22
copper_chest	192,107,79	192,107,79	1.00	1.00
copper_door	192,109,82	180,103,77	0.81	1.00
copper_golem_statue	192,107,79	192,107,79	1.00	1.00
copper_grate	191,107,79	191,107,79	0.70	0.70
copper_lantern	159,109,77	159,109,77	0.41	0.41
copper_ore	124,125,120	124,125,120	1.00	1.00
copper_torch	117,109,73	117,109,73	0.08	0.08
copper_trapdoor	190,106,79	190,106,79	0.80	0.80
copper_wall_torch	117,109,73	117,109,73	0.08	0.08
cornflower	79,121,146	79,121,146	0.14	0.14
cracked_deepslate_bricks	64,64,65	64,64,65	1.00	1.00
cracked_deepslate_tiles	52,52,52	52,52,52	1.00	1.00
cracked_nether_bricks	40,20,23	40,20,23	1.00	1.00
cracked_polished_blackstone_bricks	44,37,43	44,37,43	1.00	1.00
cracked_stone_bricks	118,117,118	118,117,118	1.00	1.00
crafter	112,98,99	113,108,100	1.00	1.00
crafting_table	119,73,42	129,105,70	1.00	1.00
creaking_heart	153,84,44	149,84,49	1.00	1.00
creeper_head	81,62,50	81,62,50	1.00	1.00
creeper_wall_head	81,62,50	81,62,50	1.00	1.00
crimson_button	101,48,70	101,48,70	1.00	1.00
crimson_door	114,54,79	115,55,79	1.00	1.00
crimson_fence	101,48,70	101,48,70	1.00	1.00
crimson_fence_gate	101,48,70	101,48,70	1.00	1.00
crimson_fungus	141,44,29	141,44,29	0.23	0.23
crimson_hanging_sign	122,57,86	122,57,86	0.62	0.62
crimson_hyphae	93,26,30	93,26,30	1.00	1.00
crimson_nylium	130,31,31	107,26,26	1.00	1.00
crimson_planks	101,48,70	101,48,70	1.00	1.00
crimson_pressure_plate	101,48,70	101,48,70	1.00	1.00
crimson_roots	126,8,41	126,8,41	0.36	0.36
crimson_shelf	129,52,82	129,52,82	1.00	1.00
crimson_sign	101,46,66	101,46,66	0.82	0.82
crimson_slab	101,48,70	101,48,70	1.00	1.00
crimson_stairs	101,48,70	101,48,70	1.00	1.00
crimson_stem	112,49,70	93,26,30	1.00	1.00
crimson_trapdoor	103,50,72	103,50,72	0.84	0.84
crimson_wall_hanging_sign	122,57,86	122,57,86	0.62	0.62
crimson_wall_sign	101,46,66	101,46,66	0.82	0.82
crying_obsidian	32,10,60	32,10,60	1.00	1.00
cut_copper	191,106,80	191,106,80	1.00	1.00
cut_copper_slab	191,106,80	191,106,80	1.00	1.00
cut_copper_stairs	191,106,80	191,106,80	1.00	1.00
cut_red_sandstone	181,97,31	189,101,31	1.00	1.00
cut_red_sandstone_slab	181,97,31	189,101,31	1.00	1.00
cut_sandstone	223,214,170	217,206,159	1.00	1.00
cut_sandstone_slab	223,214,170	217,206,159	1.00	1.00
cyan_banner	162,130,78	162,130,78	1.00	1.00
cyan_bed	18,155,154	162,130,78	1.00	1.00
cyan_candle	17,123,123	17,123,123	0.08	0.08
cyan_candle_cake	248,222,214	203,151,121	0.77	0.44
cyan_carpet	21,137,145	21,137,145	1.00	1.00
cyan_concrete	21,119,136	21,119,136	1.00	1.00
cyan_concrete_powder	36,147,157	36,147,157	1.00	1.00
cyan_glazed_terracotta	52,118,125	52,118,125	1.00	1.00
cyan_shulker_box	20,121,135	20,121,135	1.00	1.00
cyan_stained_glass	76,127,153	76,127,153	1.00	1.00
cyan_stained_glass_pane	76,127,153	76,127,153	1.00	1.00
cyan_terracotta	86,91,91	86,91,91	1.00	1.00
cyan_wall_banner	162,130,78	162,130,78	1.00	1.00
cyan_wool	21,137,145	21,137,145	1.00	1.00
damaged_anvil	72,72,72	68,68,68	0.62	1.00
dandelion	147,172,43	147,172,43	0.12	0.12
dark_oak_button	66,43,20	66,43,20	1.00	1.00
dark_oak_door	76,51,25	73,49,23	1.00	1.00
dark_oak_fence	66,43,20	66,43,20	1.00	1.00
dark_oak_fence_gate	66,43,20	66,43,20	1.00	1.00
dark_oak_hanging_sign	68,56,42	68,56,42	0.62	0.62
dark_oak_leaves	52,102,28	52,102,28	0.70	0.70
dark_oak_log	67,45,22	60,46,26	1.00	1.00
dark_oak_planks	66,43,20	66,43,20	1.00	1.00
dark_oak_pressure_plate	66,43,20	66,43,20	1.00	1.00
dark_oak_sapling	61,90,30	61,90,30	0.43	0.43
dark_oak_shelf	65,51,32	65,51,32	1.00	1.00
dark_oak_sign	64,42,20	64,42,20	0.82	0.82
dark_oak_slab	66,43,20	66,43,20	1.00	1.00
dark_oak_stairs	66,43,20	66,43,20	1.00	1.00
dark_oak_trapdoor	75,49,23	75,49,23	1.00	1.00
dark_oak_wall_hanging_sign	68,56,42	68,56,42	0.62	0.62
dark_oak_wall_sign	64,42,20	64,42,20	0.82	0.82
dark_oak_wood	60,46,26	60,46,26	1.00	1.00
dark_prismarine	51,91,75	51,91,75	1.00	1.00
dark_prismarine_slab	51,91,75	51,91,75	1.00	1.00
dark_prismarine_stairs	51,91,75	51,91,75	1.00	1.00
daylight_detector	130,116,94	66,55,35	1.00	1.00
dead_brain_coral	133,125,120	133,125,120	0.44	0.44
dead_brain_coral_block	124,117,114	124,117,114	1.00	1.00
dead_brain_coral_fan	132,125,121	132,125,121	0.37	0.37
dead_brain_coral_wall_fan	132,125,121	132,125,121	0.37	0.37
dead_bubble_coral	132,124,120	132,124,120	0.52	0.52
dead_bubble_coral_block	131,123,119	131,123,119	1.00	1.00
dead_bubble_coral_fan	140,134,130	140,134,130	0.44	0.44
dead_bubble_coral_wall_fan	140,134,130	140,134,130	0.44	0.44
dead_bush	107,78,40	107,78,40	0.30	0.30
dead_fire_coral	136,128,124	136,128,124	0.43	0.43
dead_fire_coral_block	131,123,119	131,123,119	1.00	1.00
dead_fire_coral_fan	124,118,114	124,118,114	0.41	0.41
dead_fire_coral_wall_fan	124,118,114	124,118,114	0.41	0.41
dead_horn_coral	142,135,129	142,135,129	0.39	0.39
dead_horn_coral_block	133,126,122	133,126,122	1.00	1.00
dead_horn_coral_fan	134,125,121	134,125,121	0.37	0.37
dead_horn_coral_wall_fan	134,125,121	134,125,121	0.37	0.37
dead_tube_coral	118,111,107	118,111,107	0.60	0.60
dead_tube_coral_block	130,123,119	130,123,119	1.00	1.00
dead_tube_coral_fan	128,122,118	128,122,118	0.31	0.31
dead_tube_coral_wall_fan	128,122,118	128,122,118	0.31	0.31
decorated_pot	152,94,67	152,94,67	1.00	1.00
deepslate	87,87,89	80,80,82	1.00	1.00
deepslate_brick_slab	70,70,71	70,70,71	1.00	1.00
deepslate_brick_stairs	70,70,71	70,70,71	1.00	1.00
deepslate_brick_wall	70,70,71	70,70,71	1.00	1.00
deepslate_bricks	70,70,71	70,70,71	1.00	1.00
deepslate_coal_ore	74,74,76	74,74,76	1.00	1.00
deepslate_copper_ore	92,93,89	92,93,89	1.00	1.00
deepslate_diamond_ore	83,106,106	83,106,106	1.00	1.00
deepslate_emerald_ore	78,104,87	78,104,87	1.00	1.00
deepslate_gold_ore	115,102,78	115,102,78	1.00	1.00
deepslate_iron_ore	106,99,94	106,99,94	1.00	1.00
deepslate_lapis_ore	79,90,115	79,90,115	1.00	1.00
deepslate_redstone_ore	104,73,74	104,73,74	1.00	1.00
deepslate_tile_slab	54,54,55	54,54,55	1.00	1.00
deepslate_tile_stairs	54,54,55	54,54,55	1.00	1.00
deepslate_tile_wall	54,54,55	54,54,55	1.00	1.00
deepslate_tiles	54,54,55	54,54,55	1.00	1.00
detector_rail	123,104,90	123,104,90	0.61	0.61
diamond_block	98,237,228	98,237,228	1.00	1.00
diamond_ore	121,141,140	121,141,140	1.00	1.00
diorite	188,188,188	188,188,188	1.00	1.00
diorite_slab	188,188,188	188,188,188	1.00	1.00
diorite_stairs	188,188,188	188,188,188	1.00	1.00
diorite_wall	188,188,188	188,188,188	1.00	1.00
dirt	134,96,67	134,96,67	1.00	1.00
dirt_path	148,121,65	136,101,66	1.00	0.94
dispenser	98,97,97	110,109,109	1.00	1.00
dragon_egg	12,9,15	12,9,15	1.00	1.00
dragon_head	81,62,50	81,62,50	1.00	1.00
dragon_wall_head	81,62,50	81,62,50	1.00	1.00
dried_ghast	159,145,145	158,143,143	1.00	1.00
dried_kelp_block	50,58,38	38,48,29	1.00	1.00
dripstone_block	134,107,92	134,107,92	1.00	1.00
dropper	97,96,96	110,109,109	1.00	1.00
emerald_block	42,203,87	42,203,87	1.00	1.00
emerald_ore	108,136,115	108,136,115	1.00	1.00
enchanting_table	128,75,85	49,46,57	1.00	0.75
end_gateway	15,10,24	15,10,24	1.00	1.00
end_portal	15,10,24	15,10,24	1.00	1.00
end_portal_frame	91,120,97	150,163,122	1.00	0.81
end_rod	207,198,187	207,198,187	0.23	0.23
end_stone	219,222,158	219,222,158	1.00	1.00
end_stone_brick_slab	218,224,162	218,224,162	1.00	1.00
end_stone_brick_stairs	218,224,162	218,224,162	1.00	1.00
end_stone_brick_wall	218,224,162	218,224,162	1.00	1.00
end_stone_bricks	218,224,162	218,224,162	1.00	1.00
ender_chest	15,10,24	15,10,24	1.00	1.00
exposed_chiseled_copper	154,119,100	154,119,100	1.00	1.00
exposed_copper	161,125,103	161,125,103	1.00	1.00
exposed_copper_bars	134,107,89	134,107,89	0.45	0.45
exposed_copper_bulb	135,107,89	135,107,89	1.00	1.00
exposed_copper_chain	126,101,83	126,101,83	0.22	0.22
exposed_copper_chest	161,125,103	161,125,103	1.00	1.00
exposed_copper_door	164,123,106	152,118,100	0.81	1.00
exposed_copper_golem_statue	161,125,103	161,125,103	1.00	1.00
exposed_copper_grate	161,125,104	161,125,104	0.70	0.70
exposed_copper_lantern	149,132,106	149,132,106	0.41	0.41
exposed_copper_trapdoor	161,125,104	161,125,104	0.80	0.80
exposed_cut_copper	154,121,101	154,121,101	1.00	1.00
exposed_cut_copper_slab	154,121,101	154,121,101	1.00	1.00
exposed_cut_copper_stairs	154,121,101	154,121,101	1.00	1.00
exposed_lightning_rod	159,120,103	159,120,103	0.16	0.16
farmland	143,102,70	134,96,67	1.00	1.00
fern	60,91,52	60,91,52	0.35	0.35
fire	212,142,52	212,142,52	0.57	0.57
fire_coral	166,37,46	166,37,46	0.43	0.43
fire_coral_block	163,35,46	163,35,46	1.00	1.00
fire_coral_fan	158,34,45	158,34,45	0.41	0.41
fire_coral_wall_fan	158,34,45	158,34,45	0.41	0.41
firefly_bush	87,83,43	87,83,43	0.60	0.60
fletching_table	197,180,133	173,155,111	1.00	1.00
flower_pot	124,68,53	124,68,53	0.20	0.20
flowering_azalea	112,121,64	111,113,73	1.00	0.60
flowering_azalea_leaves	99,111,60	99,111,60	0.80	0.80
frogspawn	110,95,86	110,95,86	0.32	0.32
frosted_ice	140,181,252	140,181,252	1.00	1.00
furnace	110,109,109	120,120,120	1.00	1.00
gilded_blackstone	55,42,38	55,42,38	1.00	1.00
glass	175,213,219	175,213,219	0.25	0.25
glass_pane	175,213,219	175,213,219	0.25	0.25
glow_lichen	112,130,121	112,130,121	0.41	0.41
glowstone	171,131,84	171,131,84	1.00	1.00
gold_block	246,208,61	246,208,61	1.00	1.00
gold_ore	145,133,106	145,133,106	1.00	1.00
golden_dandelion	159,102,37	159,102,37	0.12	0.12
granite	149,103,85	149,103,85	1.00	1.00
granite_slab	149,103,85	149,103,85	1.00	1.00
granite_stairs	149,103,85	149,103,85	1.00	1.00
granite_wall	149,103,85	149,103,85	1.00	1.00
grass_block	71,108,61	126,107,65	1.00	1.00
gravel	131,127,126	131,127,126	1.00	1.00
gray_banner	162,130,78	162,130,78	1.00	1.00
gray_bed	95,110,114	162,130,78	1.00	1.00
gray_candle	80,94,96	80,94,96	0.08	0.08
gray_candle_cake	248,222,214	203,151,121	0.77	0.44
gray_carpet	62,68,71	62,68,71	1.00	1.00
gray_concrete	54,57,61	54,57,61	1.00	1.00
gray_concrete_powder	76,81,84	76,81,84	1.00	1.00
gray_glazed_terracotta	83,90,93	83,90,93	1.00	1.00
gray_shulker_box	55,58,62	55,58,62	1.00	1.00
gray_stained_glass	76,76,76	76,76,76	1.00	1.00
gray_stained_glass_pane	76,76,76	76,76,76	1.00	1.00
gray_terracotta	57,42,35	57,42,35	1.00	1.00
gray_wall_banner	162,130,78	162,130,78	1.00	1.00
gray_wool	62,68,71	62,68,71	1.00	1.00
green_banner	162,130,78	162,130,78	1.00	1.00
green_bed	92,123,21	162,130,78	1.00	1.00
green_candle	72,96,20	72,96,20	0.08	0.08
green_candle_cake	248,222,214	203,151,121	0.77	0.44
green_carpet	84,109,27	84,109,27	1.00	1.00
green_concrete	73,91,36	73,91,36	1.00	1.00
green_concrete_powder	97,119,44	97,119,44	1.00	1.00
green_glazed_terracotta	117,142,67	117,142,67	1.00	1.00
green_shulker_box	79,100,31	79,100,31	1.00	1.00
green_stained_glass	102,127,51	102,127,51	1.00	1.00
green_stained_glass_pane	102,127,51	102,127,51	1.00	1.00
green_terracotta	76,83,42	76,83,42	1.00	1.00
green_wall_banner	162,130,78	162,130,78	1.00	1.00
green_wool	84,109,27	84,109,27	1.00	1.00
grindstone	139,139,139	139,139,139	0.56	0.56
hanging_roots	161,115,91	161,115,91	0.29	0.29
hay_block	165,139,12	166,136,38	1.00	1.00
heavy_core	82,86,94	82,86,94	0.75	0.75
heavy_weighted_pressure_plate	220,220,220	220,220,220	1.00	1.00
honey_block	251,185,52	250,188,57	1.00	1.00
honeycomb_block	229,148,29	229,148,29	1.00	1.00
hopper	75,74,75	66,65,68	0.61	1.00
horn_coral	209,186,62	209,186,62	0.39	0.39
horn_coral_block	216,199,66	216,199,66	1.00	1.00
horn_coral_fan	205,183,61	205,183,61	0.37	0.37
horn_coral_wall_fan	205,183,61	205,183,61	0.37	0.37
ice	145,183,253	145,183,253	1.00	1.00
infested_chiseled_stone_bricks	119,118,119	119,118,119	1.00	1.00
infested_cobblestone	127,127,127	127,127,127	1.00	1.00
infested_cracked_stone_bricks	118,117,118	118,117,118	1.00	1.00
infested_deepslate	87,87,89	80,80,82	1.00	1.00
infested_mossy_stone_bricks	115,121,105	115,121,105	1.00	1.00
infested_stone	125,125,125	125,125,125	1.00	1.00
infested_stone_bricks	122,121,122	122,121,122	1.00	1.00
iron_bars	136,139,135	136,139,135	0.45	0.45
iron_block	220,220,220	220,220,220	1.00	1.00
iron_chain	51,57,74	51,57,74	0.22	0.22
iron_door	194,193,193	195,194,194	0.81	1.00
iron_ore	136,129,122	136,129,122	1.00	1.00
iron_trapdoor	202,202,202	202,202,202	0.86	0.86
jack_o_lantern	198,118,24	195,114,24	1.00	1.00
jigsaw	45,38,47	80,69,81	1.00	1.00
jukebox	93,64,47	88,58,40	1.00	1.00
jungle_button	160,115,80	160,115,80	1.00	1.00
jungle_door	163,119,84	158,113,78	0.88	1.00
jungle_fence	160,115,80	160,115,80	1.00	1.00
jungle_fence_gate	160,115,80	160,115,80	1.00	1.00
jungle_hanging_sign	149,119,80	149,119,80	0.62	0.62
jungle_leaves	54,105,26	54,105,26	0.70	0.70
jungle_log	149,109,70	85,67,25	1.00	1.00
jungle_planks	160,115,80	160,115,80	1.00	1.00
jungle_pressure_plate	160,115,80	160,115,80	1.00	1.00
jungle_sapling	47,81,16	47,81,16	0.34	0.34
jungle_shelf	155,121,73	155,121,73	1.00	1.00
jungle_sign	150,108,72	150,108,72	0.82	0.82
jungle_slab	160,115,80	160,115,80	1.00	1.00
jungle_stairs	160,115,80	160,115,80	1.00	1.00
jungle_trapdoor	152,110,77	152,110,77	0.84	0.84
jungle_wall_hanging_sign	149,119,80	149,119,80	0.62	0.62
jungle_wall_sign	150,108,72	150,108,72	0.82	0.82
jungle_wood	85,67,25	85,67,25	1.00	1.00
kelp	87,141,45	87,141,45	0.20	0.20
kelp_plant	86,130,42	86,130,42	0.39	0.39
ladder	124,96,54	124,96,54	0.56	0.56
lantern	106,92,84	106,92,84	0.41	0.41
lapis_block	30,67,140	30,67,140	1.00	1.00
lapis_ore	107,117,141	107,117,141	1.00	1.00
large_amethyst_bud	161,126,202	161,126,202	0.30	0.30
large_fern	63,97,54	63,97,54	0.69	0.69
lava	216,104,26	216,104,26	1.00	1.00
lava_cauldron	73,72,74	74,73,74	0.61	1.00
leaf_litter	170,170,170	170,170,170	0.46	0.46
lectern	173,137,83	129,100,55	1.00	1.00
lever	127,127,127	127,127,127	1.00	1.00
light_blue_banner	162,130,78	162,130,78	1.00	1.00
light_blue_bed	41,157,213	162,130,78	1.00	1.00
light_blue_candle	34,137,196	34,137,196	0.08	0.08
light_blue_candle_cake	248,222,214	203,151,121	0.77	0.44
light_blue_carpet	58,175,217	58,175,217	1.00	1.00
light_blue_concrete	35,137,198	35,137,198	1.00	1.00
light_blue_concrete_powder	74,180,213	74,180,213	1.00	1.00
light_blue_glazed_terracotta	94,164,208	94,164,208	1.00	1.00
light_blue_shulker_box	49,163,212	49,163,212	1.00	1.00
light_blue_stained_glass	102,153,216	102,153,216	1.00	1.00
light_blue_stained_glass_pane	102,153,216	102,153,216	1.00	1.00
light_blue_terracotta	113,108,137	113,108,137	1.00	1.00
light_blue_wall_banner	162,130,78	162,130,78	1.00	1.00
light_blue_wool	58,175,217	58,175,217	1.00	1.00
light_gray_banner	162,130,78	162,130,78	1.00	1.00
light_gray_bed	144,145,136	162,130,78	1.00	1.00
light_gray_candle	118,120,112	118,120,112	0.08	0.08
light_gray_candle_cake	248,222,214	203,151,121	0.77	0.44
light_gray_carpet	142,142,134	142,142,134	1.00	1.00
light_gray_concrete	125,125,115	125,125,115	1.00	1.00
light_gray_concrete_powder	154,154,148	154,154,148	1.00	1.00
light_gray_glazed_terracotta	144,166,167	144,166,167	1.00	1.00
light_gray_shulker_box	124,124,115	124,124,115	1.00	1.00
light_gray_stained_glass	153,153,153	153,153,153	1.00	1.00
light_gray_stained_glass_pane	153,153,153	153,153,153	1.00	1.00
light_gray_terracotta	135,106,97	135,106,97	1.00	1.00
light_gray_wall_banner	162,130,78	162,130,78	1.00	1.00
light_gray_wool	142,142,134	142,142,134	1.00	1.00
light_weighted_pressure_plate	246,208,61	246,208,61	1.00	1.00
lightning_rod	196,111,83	196,111,83	0.16	0.16
lilac	137,124,126	137,124,126	0.35	0.35
lily_of_the_valley	123,174,95	123,174,95	0.20	0.20
lily_pad	16,66,25	16,66,25	0.59	0.59
lime_banner	162,130,78	162,130,78	1.00	1.00
lime_bed	120,194,26	162,130,78	1.00	1.00
lime_candle	98,171,22	98,171,22	0.08	0.08
lime_candle_cake	248,222,214	203,151,121	0.77	0.44
lime_carpet	112,185,25	112,185,25	1.00	1.00
lime_concrete	94,168,24	94,168,24	1.00	1.00
lime_concrete_powder	125,189,41	125,189,41	1.00	1.00
lime_glazed_terracotta	162,197,55	162,197,55	1.00	1.00
lime_shulker_box	99,172,23	99,172,23	1.00	1.00
lime_stained_glass	127,204,25	127,204,25	1.00	1.00
lime_stained_glass_pane	127,204,25	127,204,25	1.00	1.00
lime_terracotta	103,117,52	103,117,52	1.00	1.00
lime_wall_banner	162,130,78	162,130,78	1.00	1.00
lime_wool	112,185,25	112,185,25	1.00	1.00
lodestone	147,149,152	119,119,123	1.00	1.00
loom	142,119,91	145,101,72	1.00	1.00
magenta_banner	162,130,78	162,130,78	1.00	1.00
magenta_bed	185,58,175	162,130,78	1.00	1.00
magenta_candle	160,45,153	160,45,153	0.08	0.08
magenta_candle_cake	248,222,214	203,151,121	0.77	0.44
magenta_carpet	189,68,179	189,68,179	1.00	1.00
magenta_concrete	169,48,159	169,48,159	1.00	1.00
magenta_concrete_powder	192,83,184	192,83,184	1.00	1.00
magenta_glazed_terracotta	208,100,191	208,100,191	1.00	1.00
magenta_shulker_box	173,54,163	173,54,163	1.00	1.00
magenta_stained_glass	178,76,216	178,76,216	1.00	1.00
magenta_stained_glass_pane	178,76,216	178,76,216	1.00	1.00
magenta_terracotta	149,88,108	149,88,108	1.00	1.00
magenta_wall_banner	162,130,78	162,130,78	1.00	1.00
magenta_wool	189,68,179	189,68,179	1.00	1.00
magma_block	141,62,30	141,62,30	1.00	1.00
mangrove_button	117,54,48	117,54,48	1.00	1.00
mangrove_door	112,48,46	112,47,46	1.00	1.00
mangrove_fence	117,54,48	117,54,48	1.00	1.00
mangrove_fence_gate	117,54,48	117,54,48	1.00	1.00
mangrove_hanging_sign	110,56,53	110,56,53	0.62	0.62
mangrove_leaves	71,88,19	71,88,19	0.83	0.83
mangrove_log	102,48,42	83,66,41	1.00	1.00
mangrove_planks	117,54,48	117,54,48	1.00	1.00
mangrove_pressure_plate	117,54,48	117,54,48	1.00	1.00
mangrove_propagule	96,174,83	96,174,83	0.13	0.13
mangrove_roots	74,59,38	75,59,38	0.69	0.55
mangrove_shelf	109,45,42	109,45,42	1.00	1.00
mangrove_sign	112,54,46	112,54,46	0.82	0.82
mangrove_slab	117,54,48	117,54,48	1.00	1.00
mangrove_stairs	117,54,48	117,54,48	1.00	1.00
mangrove_trapdoor	110,46,42	110,46,42	0.88	0.88
mangrove_wall_hanging_sign	110,56,53	110,56,53	0.62	0.62
mangrove_wall_sign	112,54,46	112,54,46	0.82	0.82
mangrove_wood	83,66,41	83,66,41	1.00	1.00
medium_amethyst_bud	158,120,201	158,120,201	0.20	0.20
melon	111,144,30	114,146,30	1.00	1.00
melon_stem	153,153,153	153,153,153	0.14	0.14
moss_block	89,109,45	89,109,45	1.00	1.00
moss_carpet	89,109,45	89,109,45	1.00	1.00
mossy_cobblestone	110,118,94	110,118,94	1.00	1.00
mossy_cobblestone_slab	110,118,94	110,118,94	1.00	1.00
mossy_cobblestone_stairs	110,118,94	110,118,94	1.00	1.00
mossy_cobblestone_wall	110,118,94	110,118,94	1.00	1.00
mossy_stone_brick_slab	115,121,105	115,121,105	1.00	1.00
mossy_stone_brick_stairs	115,121,105	115,121,105	1.00	1.00
mossy_stone_brick_wall	115,121,105	115,121,105	1.00	1.00
mossy_stone_bricks	115,121,105	115,121,105	1.00	1.00
moving_piston	109,104,96	109,104,96	1.00	1.00
mud	60,57,60	60,57,60	1.00	1.00
mud_brick_slab	137,103,79	137,103,79	1.00	1.00
mud_brick_stairs	137,103,79	137,103,79	1.00	1.00
mud_brick_wall	137,103,79	137,103,79	1.00	1.00
mud_bricks	137,103,79	137,103,79	1.00	1.00
muddy_mangrove_roots	70,58,45	68,58,48	1.00	1.00
mushroom_stem	203,196,185	203,196,185	1.00	1.00
mycelium	111,98,101	113,87,71	1.00	1.00
nether_brick_fence	44,21,26	44,21,26	1.00	1.00
nether_brick_slab	44,21,26	44,21,26	1.00	1.00
nether_brick_stairs	44,21,26	44,21,26	1.00	1.00
nether_brick_wall	44,21,26	44,21,26	1.00	1.00
nether_bricks	44,21,26	44,21,26	1.00	1.00
nether_gold_ore	115,54,42	115,54,42	1.00	1.00
nether_portal	89,12,192	89,12,192	1.00	1.00
nether_quartz_ore	117,65,62	117,65,62	1.00	1.00
nether_sprouts	19,151,133	19,151,133	0.12	0.12
nether_wart	117,18,21	117,18,21	0.17	0.17
nether_wart_block	114,2,2	114,2,2	1.00	1.00
netherite_block	66,61,63	66,61,63	1.00	1.00
netherrack	97,38,38	97,38,38	1.00	1.00
note_block	88,58,40	88,58,40	1.00	1.00
oak_button	162,130,78	162,130,78	1.00	1.00
oak_door	140,110,66	138,108,62	0.81	1.00
oak_fence	162,130,78	162,130,78	1.00	1.00
oak_fence_gate	162,130,78	162,130,78	1.00	1.00
oak_hanging_sign	156,129,82	156,129,82	0.62	0.62
oak_leaves	50,98,27	50,98,27	0.67	0.67
oak_log	151,121,73	109,85,50	1.00	1.00
oak_planks	162,130,78	162,130,78	1.00	1.00
oak_pressure_plate	162,130,78	162,130,78	1.00	1.00
oak_sapling	77,106,40	77,106,40	0.43	0.43
oak_shelf	144,115,67	144,115,67	1.00	1.00
oak_sign	154,124,74	154,124,74	0.82	0.82
oak_slab	162,130,78	162,130,78	1.00	1.00
oak_stairs	162,130,78	162,130,78	1.00	1.00
oak_trapdoor	124,99,56	124,99,56	0.86	0.86
oak_wall_hanging_sign	156,129,82	156,129,82	0.62	0.62
oak_wall_sign	154,124,74	154,124,74	0.82	0.82
oak_wood	109,85,50	109,85,50	1.00	1.00
observer	98,98,98	70,68,68	1.00	1.00
obsidian	15,10,24	15,10,24	1.00	1.00
ochre_froglight	250,245,206	245,233,181	1.00	1.00
open_eyeblossom	133,124,127	133,124,127	0.21	0.21
orange_banner	162,130,78	162,130,78	1.00	1.00
orange_bed	249,126,22	162,130,78	1.00	1.00
orange_candle	219,100,9	219,100,9	0.08	0.08
orange_candle_cake	248,222,214	203,151,121	0.77	0.44
orange_carpet	240,118,19	240,118,19	1.00	1.00
orange_concrete	224,97,0	224,97,0	1.00	1.00
orange_concrete_powder	227,131,31	227,131,31	1.00	1.00
orange_glazed_terracotta	154,147,91	154,147,91	1.00	1.00
orange_shulker_box	234,106,8	234,106,8	1.00	1.00
orange_stained_glass	216,127,51	216,127,51	1.00	1.00
orange_stained_glass_pane	216,127,51	216,127,51	1.00	1.00
orange_terracotta	161,83,37	161,83,37	1.00	1.00
orange_tulip	93,142,30	93,142,30	0.16	0.16
orange_wall_banner	162,130,78	162,130,78	1.00	1.00
orange_wool	240,118,19	240,118,19	1.00	1.00
oxeye_daisy	179,202,143	179,202,143	0.20	0.20
oxidized_chiseled_copper	83,161,132	83,161,132	1.00	1.00
oxidized_copper	82,162,132	82,162,132	1.00	1.00
oxidized_copper_bars	64,122,100	64,122,100	0.45	0.45
oxidized_copper_bulb	70,132,109	70,132,109	1.00	1.00
oxidized_copper_chain	61,118,99	61,118,99	0.22	0.22
oxidized_copper_chest	82,162,132	82,162,132	1.00	1.00
oxidized_copper_door	82,160,132	79,153,127	0.81	1.00
oxidized_copper_golem_statue	82,162,132	82,162,132	1.00	1.00
oxidized_copper_grate	82,161,131	82,161,131	0.70	0.70
oxidized_copper_lantern	79,140,112	79,140,112	0.41	0.41
oxidized_copper_trapdoor	83,161,132	83,161,132	0.80	0.80
oxidized_cut_copper	79,153,126	79,153,126	1.00	1.00
oxidized_cut_copper_slab	79,153,126	79,153,126	1.00	1.00
oxidized_cut_copper_stairs	79,153,126	79,153,126	1.00	1.00
oxidized_lightning_rod	79,154,127	79,154,127	0.16	0.16
packed_ice	141,180,250	141,180,250	1.00	1.00
packed_mud	142,106,79	142,106,79	1.00	1.00
pale_hanging_moss	98,103,97	98,103,97	0.48	0.48
pale_moss_block	106,112,104	106,112,104	1.00	1.00
pale_moss_carpet	106,112,104	106,112,104	1.00	1.00
pale_oak_button	227,217,216	227,217,216	1.00	1.00
pale_oak_door	216,208,206	199,190,189	1.00	1.00
pale_oak_fence	227,217,216	227,217,216	1.00	1.00
pale_oak_fence_gate	227,217,216	227,217,216	1.00	1.00
pale_oak_hanging_sign	208,201,203	208,201,203	0.62	0.62
pale_oak_leaves	116,121,114	116,121,114	0.81	0.81
pale_oak_log	198,189,187	87,77,75	1.00	1.00
pale_oak_planks	227,217,216	227,217,216	1.00	1.00
pale_oak_pressure_plate	227,217,216	227,217,216	1.00	1.00
pale_oak_sapling	109,105,99	109,105,99	0.40	0.40
pale_oak_shelf	227,217,216	227,217,216	1.00	1.00
pale_oak_sign	206,195,194	206,195,194	0.82	0.82
pale_oak_slab	227,217,216	227,217,216	1.00	1.00
pale_oak_stairs	227,217,216	227,217,216	1.00	1.00
pale_oak_trapdoor	229,220,218	229,220,218	1.00	1.00
pale_oak_wall_hanging_sign	208,201,203	208,201,203	0.62	0.62
pale_oak_wall_sign	206,195,194	206,195,194	0.82	0.82
pale_oak_wood	87,77,75	87,77,75	1.00	1.00
pearlescent_froglight	245,240,239	235,224,228	1.00	1.00
peony	86,101,93	86,101,93	0.55	0.55
petrified_oak_slab	162,130,78	162,130,78	1.00	1.00
piglin_head	81,62,50	81,62,50	1.00	1.00
piglin_wall_head	81,62,50	81,62,50	1.00	1.00
pink_banner	162,130,78	162,130,78	1.00	1.00
pink_bed	241,131,166	162,130,78	1.00	1.00
pink_candle	208,101,142	208,101,142	0.08	0.08
pink_candle_cake	248,222,214	203,151,121	0.77	0.44
pink_carpet	237,141,172	237,141,172	1.00	1.00
pink_concrete	213,101,142	213,101,142	1.00	1.00
pink_concrete_powder	228,153,181	228,153,181	1.00	1.00
pink_glazed_terracotta	235,154,181	235,154,181	1.00	1.00
pink_petals	246,180,218	246,180,218	0.40	0.40
pink_shulker_box	230,121,157	230,121,157	1.00	1.00
pink_stained_glass	242,127,165	242,127,165	1.00	1.00
pink_stained_glass_pane	242,127,165	242,127,165	1.00	1.00
pink_terracotta	161,78,78	161,78,78	1.00	1.00
pink_tulip	99,157,78	99,157,78	0.16	0.16
pink_wall_banner	162,130,78	162,130,78	1.00	1.00
pink_wool	237,141,172	237,141,172	1.00	1.00
piston	109,104,96	109,104,96	1.00	1.00
piston_head	109,104,96	109,104,96	1.00	1.00
pitcher_crop	193,165,103	193,165,103	0.39	0.39
pitcher_plant	104,126,93	104,126,93	0.32	0.32
player_head	81,62,50	81,62,50	1.00	1.00
player_wall_head	81,62,50	81,62,50	1.00	1.00
podzol	91,63,24	122,87,57	1.00	1.00
pointed_dripstone	129,102,89	129,102,89	0.90	0.90
polished_andesite	132,134,133	132,134,133	1.00	1.00
polished_andesite_slab	132,134,133	132,134,133	1.00	1.00
polished_andesite_stairs	132,134,133	132,134,133	1.00	1.00
polished_basalt	99,98,100	88,88,91	1.00	1.00
polished_blackstone	53,48,56	53,48,56	1.00	1.00
polished_blackstone_brick_slab	48,42,49	48,42,49	1.00	1.00
polished_blackstone_brick_stairs	48,42,49	48,42,49	1.00	1.00
polished_blackstone_brick_wall	48,42,49	48,42,49	1.00	1.00
polished_blackstone_bricks	48,42,49	48,42,49	1.00	1.00
polished_blackstone_button	53,48,56	53,48,56	1.00	1.00
polished_blackstone_pressure_plate	53,48,56	53,48,56	1.00	1.00
polished_blackstone_slab	53,48,56	53,48,56	1.00	1.00
polished_blackstone_stairs	53,48,56	53,48,56	1.00	1.00
polished_blackstone_wall	53,48,56	53,48,56	1.00	1.00
polished_cinnabar	152,57,55	152,57,55	1.00	1.00
polished_cinnabar_slab	152,57,55	152,57,55	1.00	1.00
polished_cinnabar_stairs	152,57,55	152,57,55	1.00	1.00
polished_cinnabar_wall	152,57,55	152,57,55	1.00	1.00
polished_deepslate	72,72,73	72,72,73	1.00	1.00
polished_deepslate_slab	72,72,73	72,72,73	1.00	1.00
polished_deepslate_stairs	72,72,73	72,72,73	1.00	1.00
polished_deepslate_wall	72,72,73	72,72,73	1.00	1.00
polished_diorite	192,193,194	192,193,194	1.00	1.00
polished_diorite_slab	192,193,194	192,193,194	1.00	1.00
polished_diorite_stairs	192,193,194	192,193,194	1.00	1.00
polished_granite	154,106,89	154,106,89	1.00	1.00
polished_granite_slab	154,106,89	154,106,89	1.00	1.00
polished_granite_stairs	154,106,89	154,106,89	1.00	1.00
polished_sulfur	188,170,91	188,170,91	1.00	1.00
polished_sulfur_slab	188,170,91	188,170,91	1.00	1.00
polished_sulfur_stairs	188,170,91	188,170,91	1.00	1.00
polished_sulfur_wall	188,170,91	188,170,91	1.00	1.00
polished_tuff	97,104,99	97,104,99	1.00	1.00
polished_tuff_slab	97,104,99	97,104,99	1.00	1.00
polished_tuff_stairs	97,104,99	97,104,99	1.00	1.00
polished_tuff_wall	97,104,99	97,104,99	1.00	1.00
poppy	128,64,37	128,64,37	0.14	0.14
potatoes	58,129,40	58,129,40	0.06	0.06
potent_sulfur	211,208,97	211,208,97	1.00	1.00
potted_acacia_sapling	118,117,23	118,117,23	0.43	0.43
potted_allium	158,137,183	158,137,183	0.15	0.15
potted_azalea_bush	100,122,47	95,119,46	0.25	0.23
potted_azure_bluet	169,204,127	169,204,127	0.17	0.17
potted_bamboo	124,68,53	124,68,53	0.20	0.20
potted_birch_sapling	127,160,79	127,160,79	0.38	0.38
potted_blue_orchid	47,162,168	47,162,168	0.17	0.17
potted_brown_mushroom	153,116,92	153,116,92	0.13	0.13
potted_cactus	124,68,53	124,68,53	0.20	0.20
potted_cherry_sapling	164,117,143	164,117,143	0.48	0.48
potted_closed_eyeblossom	108,98,101	108,98,101	0.20	0.20
potted_cornflower	79,121,146	79,121,146	0.14	0.14
potted_crimson_fungus	141,44,29	141,44,29	0.23	0.23
potted_crimson_roots	127,8,41	127,8,41	0.23	0.23
potted_dandelion	147,172,43	147,172,43	0.12	0.12
potted_dark_oak_sapling	61,90,30	61,90,30	0.43	0.43
potted_dead_bush	107,78,40	107,78,40	0.30	0.30
potted_fern	60,91,52	60,91,52	0.35	0.35
potted_flowering_azalea_bush	114,119,70	109,113,69	0.25	0.23
potted_golden_dandelion	159,102,37	159,102,37	0.12	0.12
potted_jungle_sapling	47,81,16	47,81,16	0.34	0.34
potted_lily_of_the_valley	123,174,95	123,174,95	0.20	0.20
potted_mangrove_propagule	124,68,53	124,68,53	0.20	0.20
potted_oak_sapling	77,106,40	77,106,40	0.43	0.43
potted_open_eyeblossom	133,124,127	133,124,127	0.21	0.21
potted_orange_tulip	93,142,30	93,142,30	0.16	0.16
potted_oxeye_daisy	179,202,143	179,202,143	0.20	0.20
potted_pale_oak_sapling	109,105,99	109,105,99	0.40	0.40
potted_pink_tulip	99,157,78	99,157,78	0.16	0.16
potted_poppy	128,64,37	128,64,37	0.14	0.14
potted_red_mushroom	216,75,67	216,75,67	0.12	0.12
potted_red_tulip	89,128,32	89,128,32	0.19	0.19
potted_spruce_sapling	44,60,36	44,60,36	0.32	0.32
potted_torchflower	100,101,77	100,101,77	0.38	0.38
potted_warped_fungus	74,109,87	74,109,87	0.20	0.20
potted_warped_roots	20,136,123	20,136,123	0.28	0.28
potted_white_tulip	93,164,71	93,164,71	0.18	0.18
potted_wither_rose	41,44,23	41,44,23	0.14	0.14
powder_snow	248,253,253	248,253,253	1.00	1.00
powder_snow_cauldron	73,72,74	74,73,74	0.61	1.00
powered_rail	137,109,74	137,109,74	0.67	0.67
prismarine	98,162,145	98,162,145	1.00	1.00
prismarine_brick_slab	99,171,158	99,171,158	1.00	1.00
prismarine_brick_stairs	99,171,158	99,171,158	1.00	1.00
prismarine_bricks	99,171,158	99,171,158	1.00	1.00
prismarine_slab	98,162,145	98,162,145	1.00	1.00
prismarine_stairs	98,162,145	98,162,145	1.00	1.00
prismarine_wall	98,162,145	98,162,145	1.00	1.00
pumpkin	198,118,24	195,114,24	1.00	1.00
pumpkin_stem	154,154,154	154,154,154	0.14	0.14
purple_banner	162,130,78	162,130,78	1.00	1.00
purple_bed	127,42,177	162,130,78	1.00	1.00
purple_candle	105,34,159	105,34,159	0.08	0.08
purple_candle_cake	248,222,214	203,151,121	0.77	0.44
purple_carpet	121,42,172	121,42,172	1.00	1.00
purple_concrete	100,31,156	100,31,156	1.00	1.00
purple_concrete_powder	131,55,177	131,55,177	1.00	1.00
purple_glazed_terracotta	109,47,152	109,47,152	1.00	1.00
purple_shulker_box	103,32,156	103,32,156	1.00	1.00
purple_stained_glass	127,63,178	127,63,178	1.00	1.00
purple_stained_glass_pane	127,63,178	127,63,178	1.00	1.00
purple_terracotta	118,70,86	118,70,86	1.00	1.00
purple_wall_banner	162,130,78	162,130,78	1.00	1.00
purple_wool	121,42,172	121,42,172	1.00	1.00
purpur_block	169,125,169	169,125,169	1.00	1.00
purpur_pillar	171,128,171	171,129,171	1.00	1.00
purpur_slab	169,125,169	169,125,169	1.00	1.00
purpur_stairs	169,125,169	169,125,169	1.00	1.00
quartz_block	235,229,222	235,229,222	1.00	1.00
quartz_bricks	234,229,221	234,229,221	1.00	1.00
quartz_pillar	235,229,222	235,230,224	1.00	1.00
quartz_slab	235,229,222	235,229,222	1.00	1.00
quartz_stairs	235,229,222	235,229,222	1.00	1.00
rail	125,111,88	125,111,88	0.56	0.56
raw_copper_block	154,105,79	154,105,79	1.00	1.00
raw_gold_block	221,169,46	221,169,46	1.00	1.00
raw_iron_block	166,135,107	166,135,107	1.00	1.00
red_banner	162,130,78	162,130,78	1.00	1.00
red_bed	178,47,40	162,130,78	1.00	1.00
red_candle	153,38,36	153,38,36	0.08	0.08
red_candle_cake	248,222,214	203,151,121	0.77	0.44
red_carpet	160,39,34	160,39,34	1.00	1.00
red_concrete	142,32,32	142,32,32	1.00	1.00
red_concrete_powder	168,54,50	168,54,50	1.00	1.00
red_glazed_terracotta	181,59,53	181,59,53	1.00	1.00
red_mushroom	216,75,67	216,75,67	0.12	0.12
red_mushroom_block	200,46,45	200,46,45	1.00	1.00
red_nether_brick_slab	69,7,9	69,7,9	1.00	1.00
red_nether_brick_stairs	69,7,9	69,7,9	1.00	1.00
red_nether_brick_wall	69,7,9	69,7,9	1.00	1.00
red_nether_bricks	69,7,9	69,7,9	1.00	1.00
red_sand	190,102,33	190,102,33	1.00	1.00
red_sandstone	181,97,31	186,99,29	1.00	1.00
red_sandstone_slab	181,97,31	186,99,29	1.00	1.00
red_sandstone_stairs	181,97,31	186,99,29	1.00	1.00
red_sandstone_wall	186,99,29	186,99,29	1.00	1.00
red_shulker_box	140,31,30	140,31,30	1.00	1.00
red_stained_glass	153,51,51	153,51,51	1.00	1.00
red_stained_glass_pane	153,51,51	153,51,51	1.00	1.00
red_terracotta	143,61,46	143,61,46	1.00	1.00
red_tulip	89,128,32	89,128,32	0.19	0.19
red_wall_banner	162,130,78	162,130,78	1.00	1.00
red_wool	160,39,34	160,39,34	1.00	1.00
redstone_block	175,24,5	175,24,5	1.00	1.00
redstone_lamp	95,54,30	95,54,30	1.00	1.00
redstone_ore	140,109,109	140,109,109	1.00	1.00
redstone_torch	101,69,43	101,69,43	0.08	0.08
redstone_wall_torch	101,69,43	101,69,43	0.08	0.08
redstone_wire	240,240,240	240,240,240	0.11	0.11
reinforced_deepslate	80,82,78	102,109,100	1.00	1.00
repeater	160,157,156	160,157,156	1.00	1.00
repeating_command_block	128,110,170	128,110,170	1.00	1.00
resin_block	217,99,25	217,99,25	1.00	1.00
resin_brick_slab	205,88,24	205,88,24	1.00	1.00
resin_brick_stairs	205,88,24	205,88,24	1.00	1.00
resin_brick_wall	205,88,24	205,88,24	1.00	1.00
resin_bricks	205,88,24	205,88,24	1.00	1.00
resin_clump	223,111,27	223,111,27	0.11	0.11
respawn_anchor	33,21,52	39,23,62	1.00	1.00
rooted_dirt	144,103,76	144,103,76	1.00	1.00
rose_bush	97,83,37	97,83,37	0.70	0.70
sand	219,207,163	219,207,163	1.00	1.00
sandstone	223,214,170	216,203,155	1.00	1.00
sandstone_slab	223,214,170	216,203,155	1.00	1.00
sandstone_stairs	223,214,170	216,203,155	1.00	1.00
sandstone_wall	216,203,155	216,203,155	1.00	1.00
scaffolding	170,131,73	192,170,78	0.91	0.53
sculk	13,27,33	13,27,33	1.00	1.00
sculk_catalyst	15,31,38	76,93,90	1.00	1.00
sculk_sensor	7,70,84	10,39,47	1.00	0.50
sculk_shrieker	198,205,169	75,101,95	0.20	0.76
sculk_vein	7,49,58	7,49,58	0.69	0.69
sea_lantern	172,200,190	172,200,190	1.00	1.00
sea_pickle	90,97,39	90,97,39	0.84	0.84
seagrass	51,126,8	51,126,8	0.30	0.30
short_dry_grass	187,158,108	187,158,108	0.19	0.19
short_grass	70,107,60	70,107,60	0.55	0.55
shroomlight	240,146,70	240,146,70	1.00	1.00
shulker_box	139,96,139	139,96,139	1.00	1.00
skeleton_skull	81,62,50	81,62,50	1.00	1.00
skeleton_wall_skull	81,62,50	81,62,50	1.00	1.00
slime_block	111,192,91	111,192,91	1.00	1.00
small_amethyst_bud	131,99,192	131,99,192	0.12	0.12
small_dripleaf	91,115,45	91,115,45	0.33	0.33
smithing_table	57,58,70	56,37,38	1.00	1.00
smoker	85,83,81	102,91,75	1.00	1.00
smooth_basalt	72,72,78	72,72,78	1.00	1.00
smooth_quartz	236,230,223	236,230,223	1.00	1.00
smooth_quartz_slab	236,230,223	236,230,223	1.00	1.00
smooth_quartz_stairs	236,230,223	236,230,223	1.00	1.00
smooth_red_sandstone	181,97,31	181,97,31	1.00	1.00
smooth_red_sandstone_slab	181,97,31	181,97,31	1.00	1.00
smooth_red_sandstone_stairs	181,97,31	181,97,31	1.00	1.00
smooth_sandstone	223,214,170	223,214,170	1.00	1.00
smooth_sandstone_slab	223,214,170	223,214,170	1.00	1.00
smooth_sandstone_stairs	223,214,170	223,214,170	1.00	1.00
smooth_stone	158,158,158	158,158,158	1.00	1.00
smooth_stone_slab	158,158,158	167,167,167	1.00	1.00
sniffer_egg	135,105,67	91,77,51	0.66	0.88
snow	249,254,254	249,254,254	1.00	1.00
snow_block	249,254,254	249,254,254	1.00	1.00
soul_campfire	79,74,67	79,74,67	0.81	0.81
soul_fire	56,204,208	56,204,208	0.61	0.61
soul_lantern	70,98,114	70,98,114	0.41	0.41
soul_sand	81,62,50	81,62,50	1.00	1.00
soul_soil	75,57,46	75,57,46	1.00	1.00
soul_torch	109,115,89	109,115,89	0.08	0.08
soul_wall_torch	109,115,89	109,115,89	0.08	0.08
spawner	36,46,62	36,46,62	0.69	0.69
sponge	195,192,74	195,192,74	1.00	1.00
spore_blossom	206,96,158	206,96,158	0.48	0.48
spruce_button	114,84,48	114,84,48	1.00	1.00
spruce_door	106,80,48	105,80,48	1.00	1.00
spruce_fence	114,84,48	114,84,48	1.00	1.00
spruce_fence_gate	114,84,48	114,84,48	1.00	1.00
spruce_hanging_sign	107,86,57	107,86,57	0.62	0.62
spruce_leaves	47,75,47	47,75,47	0.62	0.62
spruce_log	108,80,46	58,37,16	1.00	1.00
spruce_planks	114,84,48	114,84,48	1.00	1.00
spruce_pressure_plate	114,84,48	114,84,48	1.00	1.00
spruce_sapling	44,60,36	44,60,36	0.32	0.32
spruce_shelf	104,82,47	104,82,47	1.00	1.00
spruce_sign	104,76,43	104,76,43	0.82	0.82
spruce_slab	114,84,48	114,84,48	1.00	1.00
spruce_stairs	114,84,48	114,84,48	1.00	1.00
spruce_trapdoor	103,79,47	103,79,47	1.00	1.00
spruce_wall_hanging_sign	107,86,57	107,86,57	0.62	0.62
spruce_wall_sign	104,76,43	104,76,43	0.82	0.82
spruce_wood	58,37,16	58,37,16	1.00	1.00
sticky_piston	109,104,96	109,104,96	1.00	1.00
stone	125,125,125	125,125,125	1.00	1.00
stone_brick_slab	122,121,122	122,121,122	1.00	1.00
stone_brick_stairs	122,121,122	122,121,122	1.00	1.00
stone_brick_wall	122,121,122	122,121,122	1.00	1.00
stone_bricks	122,121,122	122,121,122	1.00	1.00
stone_button	125,125,125	125,125,125	1.00	1.00
stone_pressure_plate	125,125,125	125,125,125	1.00	1.00
stone_slab	125,125,125	125,125,125	1.00	1.00
stone_stairs	125,125,125	125,125,125	1.00	1.00
stonecutter	123,118,111	106,90,78	1.00	0.56
stripped_acacia_log	166,91,51	174,92,59	1.00	1.00
stripped_acacia_wood	174,92,59	174,92,59	1.00	1.00
stripped_bamboo_block	178,158,72	193,173,80	1.00	1.00
stripped_birch_log	191,171,116	196,176,118	1.00	1.00
stripped_birch_wood	196,176,118	196,176,118	1.00	1.00
stripped_cherry_log	221,164,157	215,145,148	1.00	1.00
stripped_cherry_wood	215,145,148	215,145,148	1.00	1.00
stripped_crimson_hyphae	137,57,90	137,57,90	1.00	1.00
stripped_crimson_stem	121,56,82	137,57,90	1.00	1.00
stripped_dark_oak_log	65,44,22	72,56,36	1.00	1.00
stripped_dark_oak_wood	72,56,36	72,56,36	1.00	1.00
stripped_jungle_log	165,122,81	171,132,84	1.00	1.00
stripped_jungle_wood	171,132,84	171,132,84	1.00	1.00
stripped_mangrove_log	109,43,43	119,54,47	1.00	1.00
stripped_mangrove_wood	119,54,47	119,54,47	1.00	1.00
stripped_oak_log	160,129,77	177,144,86	1.00	1.00
stripped_oak_wood	177,144,86	177,144,86	1.00	1.00
stripped_pale_oak_log	235,226,225	245,238,236	1.00	1.00
stripped_pale_oak_wood	245,238,236	245,238,236	1.00	1.00
stripped_spruce_log	113,86,50	115,89,52	1.00	1.00
stripped_spruce_wood	115,89,52	115,89,52	1.00	1.00
stripped_warped_hyphae	57,150,147	57,150,147	1.00	1.00
stripped_warped_stem	52,128,124	57,150,147	1.00	1.00
structure_block	68,57,69	68,57,69	1.00	1.00
sugar_cane	71,142,42	71,142,42	0.55	0.55
sulfur	189,175,101	189,175,101	1.00	1.00
sulfur_brick_slab	186,167,91	186,167,91	1.00	1.00
sulfur_brick_stairs	186,167,91	186,167,91	1.00	1.00
sulfur_brick_wall	186,167,91	186,167,91	1.00	1.00
sulfur_bricks	186,167,91	186,167,91	1.00	1.00
sulfur_slab	189,175,101	189,175,101	1.00	1.00
sulfur_spike	182,169,94	182,169,94	0.83	0.83
sulfur_stairs	189,175,101	189,175,101	1.00	1.00
sulfur_wall	189,175,101	189,175,101	1.00	1.00
sunflower	56,135,30	56,135,30	0.22	0.22
suspicious_gravel	129,125,124	129,125,124	1.00	1.00
suspicious_sand	217,204,159	217,204,159	1.00	1.00
sweet_berry_bush	42,89,56	42,89,56	0.21	0.21
tall_dry_grass	196,171,122	196,171,122	0.42	0.42
tall_grass	62,94,53	62,94,53	0.73	0.73
tall_seagrass	45,118,4	45,118,4	0.55	0.55
target	226,170,157	229,176,168	1.00	1.00
terracotta	152,94,67	152,94,67	1.00	1.00
test_block	131,191,117	131,191,117	1.00	1.00
test_instance_block	127,120,119	127,120,119	1.00	1.00
tinted_glass	43,38,45	43,38,45	1.00	1.00
tnt	142,62,53	182,88,84	1.00	1.00
torch	138,113,63	138,113,63	0.08	0.08
torchflower	100,101,77	100,101,77	0.38	0.38
torchflower_crop	28,97,67	28,97,67	0.10	0.10
trapped_chest	162,130,78	162,130,78	1.00	1.00
trial_spawner	62,80,92	53,65,77	1.00	0.76
tripwire	129,129,129	129,129,129	0.16	0.16
tripwire_hook	162,130,78	162,130,78	1.00	1.00
tube_coral	47,83,197	47,83,197	0.60	0.60
tube_coral_block	49,87,206	49,87,206	1.00	1.00
tube_coral_fan	50,91,208	50,91,208	0.31	0.31
tube_coral_wall_fan	50,91,208	50,91,208	0.31	0.31
tuff	108,109,102	108,109,102	1.00	1.00
tuff_brick_slab	98,102,95	98,102,95	1.00	1.00
tuff_brick_stairs	98,102,95	98,102,95	1.00	1.00
tuff_brick_wall	98,102,95	98,102,95	1.00	1.00
tuff_bricks	98,102,95	98,102,95	1.00	1.00
tuff_slab	108,109,102	108,109,102	1.00	1.00
tuff_stairs	108,109,102	108,109,102	1.00	1.00
tuff_wall	108,109,102	108,109,102	1.00	1.00
turtle_egg	228,226,191	228,226,191	0.52	0.52
twisting_vines	20,143,124	20,143,124	0.28	0.28
twisting_vines_plant	20,135,122	20,135,122	0.35	0.35
vault	54,69,79	62,66,66	1.00	0.81
verdant_froglight	229,244,228	211,234,208	1.00	1.00
vine	40,79,21	40,79,21	0.57	0.57
wall_torch	138,113,63	138,113,63	0.08	0.08
warped_button	43,104,99	43,104,99	1.00	1.00
warped_door	44,126,120	43,118,112	1.00	1.00
warped_fence	43,104,99	43,104,99	1.00	1.00
warped_fence_gate	43,104,99	43,104,99	1.00	1.00
warped_fungus	74,109,87	74,109,87	0.20	0.20
warped_hanging_sign	55,135,133	55,135,133	0.62	0.62
warped_hyphae	57,59,77	57,59,77	1.00	1.00
warped_nylium	43,114,101	72,61,59	1.00	1.00
warped_planks	43,104,99	43,104,99	1.00	1.00
warped_pressure_plate	43,104,99	43,104,99	1.00	1.00
warped_roots	20,138,124	20,138,124	0.36	0.36
warped_shelf	51,140,133	51,140,133	1.00	1.00
warped_sign	42,100,98	42,100,98	0.82	0.82
warped_slab	43,104,99	43,104,99	1.00	1.00
warped_stairs	43,104,99	43,104,99	1.00	1.00
warped_stem	53,109,110	57,59,77	1.00	1.00
warped_trapdoor	47,119,111	47,119,111	0.79	0.79
warped_wall_hanging_sign	55,135,133	55,135,133	0.62	0.62
warped_wall_sign	42,100,98	42,100,98	0.82	0.82
warped_wart_block	22,119,121	22,119,121	1.00	1.00
water	43,81,158	43,81,158	1.00	1.00
water_cauldron	73,72,74	74,73,74	0.61	1.00
waxed_chiseled_copper	184,100,73	184,100,73	1.00	1.00
waxed_copper_bars	155,80,55	155,80,55	0.45	0.45
waxed_copper_block	192,107,79	192,107,79	1.00	1.00
waxed_copper_bulb	156,86,57	156,86,57	1.00	1.00
waxed_copper_chain	151,79,54	151,79,54	0.22	0.22
waxed_copper_chest	192,107,79	192,107,79	1.00	1.00
waxed_copper_door	192,109,82	180,103,77	0.81	1.00
waxed_copper_golem_statue	192,107,79	192,107,79	1.00	1.00
waxed_copper_grate	191,107,79	191,107,79	0.70	0.70
waxed_copper_lantern	159,109,77	159,109,77	0.41	0.41
waxed_copper_trapdoor	190,106,79	190,106,79	0.80	0.80
waxed_cut_copper	191,106,80	191,106,80	1.00	1.00
waxed_cut_copper_slab	191,106,80	191,106,80	1.00	1.00
waxed_cut_copper_stairs	191,106,80	191,106,80	1.00	1.00
waxed_exposed_chiseled_copper	154,119,100	154,119,100	1.00	1.00
waxed_exposed_copper	161,125,103	161,125,103	1.00	1.00
waxed_exposed_copper_bars	134,107,89	134,107,89	0.45	0.45
waxed_exposed_copper_bulb	135,107,89	135,107,89	1.00	1.00
waxed_exposed_copper_chain	126,101,83	126,101,83	0.22	0.22
waxed_exposed_copper_chest	161,125,103	161,125,103	1.00	1.00
waxed_exposed_copper_door	164,123,106	152,118,100	0.81	1.00
waxed_exposed_copper_golem_statue	161,125,103	161,125,103	1.00	1.00
waxed_exposed_copper_grate	161,125,104	161,125,104	0.70	0.70
waxed_exposed_copper_lantern	149,132,106	149,132,106	0.41	0.41
waxed_exposed_copper_trapdoor	161,125,104	161,125,104	0.80	0.80
waxed_exposed_cut_copper	154,121,101	154,121,101	1.00	1.00
waxed_exposed_cut_copper_slab	154,121,101	154,121,101	1.00	1.00
waxed_exposed_cut_copper_stairs	154,121,101	154,121,101	1.00	1.00
waxed_exposed_lightning_rod	159,120,103	159,120,103	0.16	0.16
waxed_lightning_rod	196,111,83	196,111,83	0.16	0.16
waxed_oxidized_chiseled_copper	83,161,132	83,161,132	1.00	1.00
waxed_oxidized_copper	82,162,132	82,162,132	1.00	1.00
waxed_oxidized_copper_bars	64,122,100	64,122,100	0.45	0.45
waxed_oxidized_copper_bulb	70,132,109	70,132,109	1.00	1.00
waxed_oxidized_copper_chain	61,118,99	61,118,99	0.22	0.22
waxed_oxidized_copper_chest	82,162,132	82,162,132	1.00	1.00
waxed_oxidized_copper_door	82,160,132	79,153,127	0.81	1.00
waxed_oxidized_copper_golem_statue	82,162,132	82,162,132	1.00	1.00
waxed_oxidized_copper_grate	82,161,131	82,161,131	0.70	0.70
waxed_oxidized_copper_lantern	79,140,112	79,140,112	0.41	0.41
waxed_oxidized_copper_trapdoor	83,161,132	83,161,132	0.80	0.80
waxed_oxidized_cut_copper	79,153,126	79,153,126	1.00	1.00
waxed_oxidized_cut_copper_slab	79,153,126	79,153,126	1.00	1.00
waxed_oxidized_cut_copper_stairs	79,153,126	79,153,126	1.00	1.00
waxed_oxidized_lightning_rod	79,154,127	79,154,127	0.16	0.16
waxed_weathered_chiseled_copper	104,150,111	104,150,111	1.00	1.00
waxed_weathered_copper	108,153,110	108,153,110	1.00	1.00
waxed_weathered_copper_bars	84,123,94	84,123,94	0.45	0.45
waxed_weathered_copper_bulb	92,126,99	92,126,99	1.00	1.00
waxed_weathered_copper_chain	72,108,91	72,108,91	0.22	0.22
waxed_weathered_copper_chest	108,153,110	108,153,110	1.00	1.00
waxed_weathered_copper_door	110,150,109	107,143,101	0.81	1.00
waxed_weathered_copper_golem_statue	108,153,110	108,153,110	1.00	1.00
waxed_weathered_copper_grate	106,152,110	106,152,110	0.70	0.70
waxed_weathered_copper_lantern	97,135,101	97,135,101	0.41	0.41
waxed_weathered_copper_trapdoor	108,153,110	108,153,110	0.80	0.80
waxed_weathered_cut_copper	109,145,107	109,145,107	1.00	1.00
waxed_weathered_cut_copper_slab	109,145,107	109,145,107	1.00	1.00
waxed_weathered_cut_copper_stairs	109,145,107	109,145,107	1.00	1.00
waxed_weathered_lightning_rod	97,142,105	97,142,105	0.16	0.16
weathered_chiseled_copper	104,150,111	104,150,111	1.00	1.00
weathered_copper	108,153,110	108,153,110	1.00	1.00
weathered_copper_bars	84,123,94	84,123,94	0.45	0.45
weathered_copper_bulb	92,126,99	92,126,99	1.00	1.00
weathered_copper_chain	72,108,91	72,108,91	0.22	0.22
weathered_copper_chest	108,153,110	108,153,110	1.00	1.00
weathered_copper_door	110,150,109	107,143,101	0.81	1.00
weathered_copper_golem_statue	108,153,110	108,153,110	1.00	1.00
weathered_copper_grate	106,152,110	106,152,110	0.70	0.70
weathered_copper_lantern	97,135,101	97,135,101	0.41	0.41
weathered_copper_trapdoor	108,153,110	108,153,110	0.80	0.80
weathered_cut_copper	109,145,107	109,145,107	1.00	1.00
weathered_cut_copper_slab	109,145,107	109,145,107	1.00	1.00
weathered_cut_copper_stairs	109,145,107	109,145,107	1.00	1.00
weathered_lightning_rod	97,142,105	97,142,105	0.16	0.16
weeping_vines	104,1,0	104,1,0	0.11	0.11
weeping_vines_plant	132,16,12	132,16,12	0.45	0.45
wet_sponge	171,181,70	171,181,70	1.00	1.00
wheat	8,127,15	8,127,15	0.03	0.03
white_banner	162,130,78	162,130,78	1.00	1.00
white_bed	244,244,244	162,130,78	1.00	1.00
white_candle	210,216,217	210,216,217	0.08	0.08
white_candle_cake	248,222,214	203,151,121	0.77	0.44
white_carpet	233,236,236	233,236,236	1.00	1.00
white_concrete	207,213,214	207,213,214	1.00	1.00
white_concrete_powder	225,227,227	225,227,227	1.00	1.00
white_glazed_terracotta	188,212,202	188,212,202	1.00	1.00
white_shulker_box	215,220,221	215,220,221	1.00	1.00
white_stained_glass	255,255,255	255,255,255	1.00	1.00
white_stained_glass_pane	255,255,255	255,255,255	1.00	1.00
white_terracotta	209,178,161	209,178,161	1.00	1.00
white_tulip	93,164,71	93,164,71	0.18	0.18
white_wall_banner	162,130,78	162,130,78	1.00	1.00
white_wool	233,236,236	233,236,236	1.00	1.00
wildflowers	237,213,117	237,213,117	0.24	0.24
wither_rose	41,44,23	41,44,23	0.14	0.14
wither_skeleton_skull	81,62,50	81,62,50	1.00	1.00
wither_skeleton_wall_skull	81,62,50	81,62,50	1.00	1.00
yellow_banner	162,130,78	162,130,78	1.00	1.00
yellow_bed	254,202,37	162,130,78	1.00	1.00
yellow_candle	209,164,50	209,164,50	0.08	0.08
yellow_candle_cake	248,222,214	203,151,121	0.77	0.44
yellow_carpet	248,197,39	248,197,39	1.00	1.00
yellow_concrete	240,175,21	240,175,21	1.00	1.00
yellow_concrete_powder	232,199,54	232,199,54	1.00	1.00
yellow_glazed_terracotta	234,192,88	234,192,88	1.00	1.00
yellow_shulker_box	248,188,29	248,188,29	1.00	1.00
yellow_stained_glass	229,229,51	229,229,51	1.00	1.00
yellow_stained_glass_pane	229,229,51	229,229,51	1.00	1.00
yellow_terracotta	186,133,35	186,133,35	1.00	1.00
yellow_wall_banner	162,130,78	162,130,78	1.00	1.00
yellow_wool	248,197,39	248,197,39	1.00	1.00
zombie_head	81,62,50	81,62,50	1.00	1.00
zombie_wall_head	81,62,50	81,62,50	1.00	1.00
